expiry,cleanExpiry,dow,tenor,vTenor,spot,fwd,strike,pcIndicator,volume,openInterest,bidPrice,offerPrice,midPrice,bidImpliedV,offerImpliedV,midImpliedV,criticalSpot
20100116,20100115,F,0.024657534246575342,0.025135174631009793,111.5913675456081,111.52108422594445,97.0,-1.0,4.0,5124.0,0.01,0.02,0.015,0.34601987855153354,0.37562422058063716,0.3626061269258183,-1.0
20100116,20100115,F,0.024657534246575342,0.025135174631009793,111.5913675456081,111.52108422594445,98.0,-1.0,20.0,12047.0,0.01,0.02,0.015,0.323149552847404,0.3511606784190652,0.33883278168682646,-1.0
20100116,20100115,F,0.024657534246575342,0.025135174631009793,111.5913675456081,111.52108422594445,99.0,-1.0,31.0,10006.0,0.01,0.02,0.015,0.3003702948809153,0.3267798061331197,0.31519195000636646,-1.0
20100116,20100115,F,0.024657534246575342,0.025135174631009793,111.5913675456081,111.52108422594445,100.0,-1.0,393.0,45184.0,0.01,0.02,0.015,0.27766575538503135,0.3024656875680425,0.2915266728206736,-1.0
20100116,20100115,F,0.024657534246575342,0.025135174631009793,111.5913675456081,111.52108422594445,101.0,-1.0,215.0,7350.0,0.01,0.03,0.02,0.25499447325017177,0.2943251373755079,0.2781416086607442,-1.0
20100116,20100115,F,0.024657534246575342,0.025135174631009793,111.5913675456081,111.52108422594445,102.0,-1.0,308.0,12833.0,0.03,0.04,0.035,0.2689709776148572,0.28099877447861554,0.2752974967562965,-1.0
20100116,20100115,F,0.024657534246575342,0.025135174631009793,111.5913675456081,111.52108422594445,103.0,-1.0,3515.0,39575.0,0.04,0.06,0.05,0.2547318356070178,0.2726867639284691,0.26431462973450004,-1.0
20100116,20100115,F,0.024657534246575342,0.025135174631009793,111.5913675456081,111.52108422594445,104.0,-1.0,3904.0,10695.0,0.06,0.08,0.07,0.2449858891066863,0.25850992848190524,0.2519889171764953,-1.0
20100116,20100115,F,0.024657534246575342,0.025135174631009793,111.5913675456081,111.52108422594445,105.0,-1.0,4595.0,26397.0,0.12,0.13,0.125,0.2500231148959032,0.25455888915596603,0.25227617524130075,-1.0
20100116,20100115,F,0.024657534246575342,0.025135174631009793,111.5913675456081,111.52108422594445,106.0,-1.0,1895.0,16367.0,0.17,0.19,0.18,0.23823193415486368,0.2452535338851734,0.24176669149499203,-1.0
20100116,20100115,F,0.024657534246575342,0.025135174631009793,111.5913675456081,111.52108422594445,107.0,-1.0,2018.0,22914.0,0.27,0.29,0.28,0.2340669752865211,0.23942819916738145,0.23678426197564106,-1.0
20100116,20100115,F,0.024657534246575342,0.025135174631009793,111.5913675456081,111.52108422594445,108.0,-1.0,4288.0,16236.0,0.42,0.45,0.435,0.23062680392627288,0.23694048270813325,0.2337629216562632,-1.0
20100116,20100115,F,0.024657534246575342,0.025135174631009793,111.5913675456081,111.52108422594445,109.0,-1.0,11819.0,10303.0,0.65,0.68,0.665,0.23022304210148153,0.23544177560184365,0.23284016918056336,-1.0
20100116,20100115,F,0.024657534246575342,0.025135174631009793,111.5913675456081,111.52108422594445,110.0,-1.0,31398.0,24244.0,0.97,1.01,0.99,0.2309891995297895,0.23710645256051655,0.23404837593121947,-1.0
20100116,20100115,F,0.024657534246575342,0.025135174631009793,111.5913675456081,111.52108422594445,111.0,-1.0,9060.0,5287.0,1.39,1.44,1.415,0.2326917301485542,0.2398675663094593,0.23630946127740626,-1.0
20100116,20100115,F,0.024657534246575342,0.025135174631009793,111.5913675456081,111.52108422594445,112.0,1.0,10241.0,43499.0,1.46,1.49,1.475,0.2389089018536454,0.2431927683137643,0.24099978918395837,-1.0
20100116,20100115,F,0.024657534246575342,0.025135174631009793,111.5913675456081,111.52108422594445,113.0,1.0,10455.0,23366.0,1.09,1.1,1.0950000000000002,0.2436429433862907,0.24510504516296558,0.24438784669388466,-1.0
20100116,20100115,F,0.024657534246575342,0.025135174631009793,111.5913675456081,111.52108422594445,114.0,1.0,10129.0,15000.0,0.8,0.82,0.81,0.24822970068823325,0.251503239291748,0.24991476041988378,-1.0
20100116,20100115,F,0.024657534246575342,0.025135174631009793,111.5913675456081,111.52108422594445,115.0,1.0,28153.0,81120.0,0.59,0.62,0.605,0.2549311587551977,0.26050024707167396,0.2577178178323335,-1.0
20100116,20100115,F,0.024657534246575342,0.025135174631009793,111.5913675456081,111.52108422594445,116.0,1.0,3366.0,28691.0,0.43,0.46,0.445,0.26107041649499735,0.26759006413554554,0.2643594161554883,-1.0
20100116,20100115,F,0.024657534246575342,0.025135174631009793,111.5913675456081,111.52108422594445,117.0,1.0,12128.0,28297.0,0.32,0.34,0.33,0.2694096470415495,0.27458581895270545,0.2720301945399059,-1.0
20100116,20100115,F,0.024657534246575342,0.025135174631009793,111.5913675456081,111.52108422594445,118.0,1.0,1772.0,18526.0,0.24,0.26,0.25,0.2781984885066461,0.284328462110903,0.28126490037515,-1.0
20100116,20100115,F,0.024657534246575342,0.025135174631009793,111.5913675456081,111.52108422594445,119.0,1.0,1233.0,16392.0,0.18,0.2,0.19,0.28654025758403745,0.293993560706683,0.29033301030036035,-1.0
20100116,20100115,F,0.024657534246575342,0.025135174631009793,111.5913675456081,111.52108422594445,120.0,1.0,17166.0,88483.0,0.14,0.16,0.15000000000000002,0.2968911149668354,0.3058099789324488,0.30140361653041486,-1.0
20100116,20100115,F,0.024657534246575342,0.025135174631009793,111.5913675456081,111.52108422594445,121.0,1.0,379.0,15582.0,0.1,0.13,0.115,0.3016106032479065,0.31779922480202744,0.3099638354867748,-1.0
20100116,20100115,F,0.024657534246575342,0.025135174631009793,111.5913675456081,111.52108422594445,122.0,1.0,130.0,22379.0,0.09,0.11,0.1,0.31932170185532943,0.3316710246180551,0.3256601395711914,-1.0
20100116,20100115,F,0.024657534246575342,0.025135174631009793,111.5913675456081,111.52108422594445,123.0,1.0,381.0,9111.0,0.07,0.09,0.08,0.32791618341290535,0.3426342699997354,0.3355800308503406,-1.0
20100116,20100115,F,0.024657534246575342,0.025135174631009793,111.5913675456081,111.52108422594445,124.0,1.0,45.0,3784.0,0.06,0.08,0.07,0.3412581697390107,0.3580254222729757,0.35003962039472064,-1.0
20100116,20100115,F,0.024657534246575342,0.025135174631009793,111.5913675456081,111.52108422594445,125.0,1.0,11213.0,60100.0,0.05,0.07,0.060000000000000005,0.3524421753493776,0.37173180424584407,0.36261375767892395,-1.0
20100116,20100115,F,0.024657534246575342,0.025135174631009793,111.5913675456081,111.52108422594445,126.0,1.0,37.0,9554.0,0.02,0.05,0.035,0.32882893341323743,0.37298653750675465,0.35413942334697274,-1.0
20100116,20100115,F,0.024657534246575342,0.025135174631009793,111.5913675456081,111.52108422594445,127.0,1.0,36.0,3048.0,0.02,0.05,0.035,0.3472036555456907,0.39320124610763074,0.37359895715633334,-1.0
20100116,20100115,F,0.024657534246575342,0.025135174631009793,111.5913675456081,111.52108422594445,128.0,1.0,11.0,3137.0,0.02,0.05,0.035,0.3653102753022812,0.4131020639876547,0.3927620927204675,-1.0
20100116,20100115,F,0.024657534246575342,0.025135174631009793,111.5913675456081,111.52108422594445,129.0,1.0,0.0,2758.0,0.01,0.05,0.030000000000000002,0.35387676564290926,0.43268852792980467,0.4033074269764649,-1.0
20100116,20100115,F,0.024657534246575342,0.025135174631009793,111.5913675456081,111.52108422594445,130.0,1.0,2.0,35609.0,0.02,0.03,0.025,0.4007719701656533,0.4215799340617442,0.41191636444871665,-1.0
20100116,20100115,F,0.024657534246575342,0.025135174631009793,111.5913675456081,111.52108422594445,131.0,1.0,0.0,1092.0,0.01,0.04,0.025,0.3867649722750404,0.4567023879651402,0.4296615441874983,-1.0
20100116,20100115,F,0.024657534246575342,0.025135174631009793,111.5913675456081,111.52108422594445,132.0,1.0,0.0,866.0,0.01,0.04,0.025,0.40290214407532005,0.4750626894957658,0.4472494952669396,-1.0
20100116,20100115,F,0.024657534246575342,0.025135174631009793,111.5913675456081,111.52108422594445,134.0,1.0,30.0,716.0,0.01,0.03,0.02,0.4345988994063592,0.49252452894596677,0.4689718875054228,-1.0
20100116,20100115,F,0.024657534246575342,0.025135174631009793,111.5913675456081,111.52108422594445,135.0,1.0,0.0,12114.0,0.01,0.03,0.02,0.45019882624545965,0.5097037050500892,0.48554149356094006,-1.0
20100220,20100219,F,0.12054794520547946,0.12041502265088413,111.5913675456081,111.55260732980263,84.0,-1.0,0.0,98.0,0.01,0.05,0.030000000000000002,0.30053482983868623,0.3618008619853931,0.3391660385436081,-1.0
20100220,20100219,F,0.12054794520547946,0.12041502265088413,111.5913675456081,111.55260732980263,85.0,-1.0,0.0,361.0,0.01,0.05,0.030000000000000002,0.2890772995188993,0.3483994762625231,0.32647424184405005,-1.0
20100220,20100219,F,0.12054794520547946,0.12041502265088413,111.5913675456081,111.55260732980263,86.0,-1.0,0.0,342.0,0.02,0.05,0.035,0.299165482259601,0.33512577152201295,0.31992436320551787,-1.0
20100220,20100219,F,0.12054794520547946,0.12041502265088413,111.5913675456081,111.55260732980263,87.0,-1.0,0.0,154.0,0.03,0.05,0.04,0.30138712955946534,0.3219096283073052,0.31257807863771975,-1.0
20100220,20100219,F,0.12054794520547946,0.12041502265088413,111.5913675456081,111.55260732980263,88.0,-1.0,0.0,52.0,0.04,0.06,0.05,0.29979488414584554,0.31679412235005405,0.3088789417068577,-1.0
20100220,20100219,F,0.12054794520547946,0.12041502265088413,111.5913675456081,111.55260732980263,89.0,-1.0,0.0,63.0,0.05,0.08,0.065,0.29590796490161414,0.3166732650096001,0.30709218562734614,-1.0
20100220,20100219,F,0.12054794520547946,0.12041502265088413,111.5913675456081,111.55260732980263,90.0,-1.0,10.0,177.0,0.06,0.09,0.075,0.2904292822551057,0.308669738380533,0.30015014014055424,-1.0
20100220,20100219,F,0.12054794520547946,0.12041502265088413,111.5913675456081,111.55260732980263,91.0,-1.0,45.0,91.0,0.08,0.1,0.09,0.28957061360786485,0.3000073026963752,0.2950092376124229,-1.0
20100220,20100219,F,0.12054794520547946,0.12041502265088413,111.5913675456081,111.55260732980263,92.0,-1.0,0.0,622.0,0.08,0.12,0.1,0.276177658425267,0.29505814979671163,0.28626116060818757,-1.0
20100220,20100219,F,0.12054794520547946,0.12041502265088413,111.5913675456081,111.55260732980263,93.0,-1.0,0.0,553.0,0.1,0.13,0.115,0.2724496108866272,0.284970535455908,0.27896010023833956,-1.0
20100220,20100219,F,0.12054794520547946,0.12041502265088413,111.5913675456081,111.55260732980263,94.0,-1.0,16.0,252.0,0.11,0.15,0.13,0.26309042102445435,0.2779539055009708,0.27084386229879187,-1.0
20100220,20100219,F,0.12054794520547946,0.12041502265088413,111.5913675456081,111.55260732980263,95.0,-1.0,94.0,1728.0,0.14,0.16,0.15000000000000002,0.26026778424714997,0.26687970939090117,0.26360724371685923,-1.0
20100220,20100219,F,0.12054794520547946,0.12041502265088413,111.5913675456081,111.55260732980263,96.0,-1.0,15.0,5945.0,0.16,0.19,0.175,0.2524113900025217,0.2610542457248513,0.25682209247283544,-1.0
20100220,20100219,F,0.12054794520547946,0.12041502265088413,111.5913675456081,111.55260732980263,97.0,-1.0,144.0,2852.0,0.19,0.22,0.20500000000000002,0.2463485155092005,0.25401919192689815,0.2502731897380055,-1.0
20100220,20100219,F,0.12054794520547946,0.12041502265088413,111.5913675456081,111.55260732980263,98.0,-1.0,121.0,1616.0,0.24,0.26,0.25,0.24356119911767002,0.24791600110609052,0.24577821618297868,-1.0
20100220,20100219,F,0.12054794520547946,0.12041502265088413,111.5913675456081,111.55260732980263,99.0,-1.0,150.0,3905.0,0.29,0.32,0.305,0.2385079599131106,0.24420193776739924,0.2413568327289808,-1.0
20100220,20100219,F,0.12054794520547946,0.12041502265088413,111.5913675456081,111.55260732980263,100.0,-1.0,264.0,3105.0,0.36,0.38,0.37,0.23511349748422886,0.23845571595027176,0.2368008753375304,-1.0
20100220,20100219,F,0.12054794520547946,0.12041502265088413,111.5913675456081,111.55260732980263,101.0,-1.0,141.0,2273.0,0.44,0.47,0.45499999999999996,0.23105192705437116,0.23542614208455773,0.23327768970374688,-1.0
20100220,20100219,F,0.12054794520547946,0.12041502265088413,111.5913675456081,111.55260732980263,102.0,-1.0,70.0,5699.0,0.55,0.58,0.565,0.2288044703529895,0.23262122774618976,0.23072033949629145,-1.0
20100220,20100219,F,0.12054794520547946,0.12041502265088413,111.5913675456081,111.55260732980263,103.0,-1.0,369.0,10012.0,0.68,0.71,0.6950000000000001,0.22627929570488134,0.22965277493544906,0.22797565639331457,-1.0
20100220,20100219,F,0.12054794520547946,0.12041502265088413,111.5913675456081,111.55260732980263,104.0,-1.0,1071.0,8823.0,0.84,0.87,0.855,0.2242510292611341,0.2272611052665567,0.22577369498133804,-1.0
20100220,20100219,F,0.12054794520547946,0.12041502265088413,111.5913675456081,111.55260732980263,105.0,-1.0,581.0,9062.0,1.03,1.06,1.045,0.22227007559952727,0.22498908995767755,0.22363431754973465,-1.0
20100220,20100219,F,0.12054794520547946,0.12041502265088413,111.5913675456081,111.55260732980263,106.0,-1.0,2218.0,5386.0,1.26,1.3,1.28,0.2208718041487644,0.2241827312875562,0.2225306994797635,-1.0
20100220,20100219,F,0.12054794520547946,0.12041502265088413,111.5913675456081,111.55260732980263,107.0,-1.0,1477.0,3228.0,1.54,1.58,1.56,0.22044007406838756,0.22350466220313844,0.2219417562535346,-1.0
20100220,20100219,F,0.12054794520547946,0.12041502265088413,111.5913675456081,111.55260732980263,108.0,-1.0,3639.0,4919.0,1.85,1.9,1.875,0.21914039306315014,0.22274084101599925,0.22093689515138606,-1.0
20100220,20100219,F,0.12054794520547946,0.12041502265088413,111.5913675456081,111.55260732980263,109.0,-1.0,535.0,2528.0,2.23,2.27,2.25,0.21969479615674728,0.22239953367226362,0.22106709341347766,-1.0
20100220,20100219,F,0.12054794520547946,0.12041502265088413,111.5913675456081,111.55260732980263,110.0,-1.0,2703.0,13089.0,2.64,2.69,2.665,0.2191421825611729,0.22242870741586915,0.22078310519153105,-1.0
20100220,20100219,F,0.12054794520547946,0.12041502265088413,111.5913675456081,111.55260732980263,111.0,-1.0,766.0,12101.0,3.1,3.2,3.1500000000000004,0.2187505908658392,0.22528905007787597,0.2219951718462053,-1.0
20100220,20100219,F,0.12054794520547946,0.12041502265088413,111.5913675456081,111.55260732980263,112.0,1.0,1186.0,14448.0,3.2,3.25,3.225,0.22101451240824033,0.2242641465189481,0.2226655455706935,-1.0
20100220,20100219,F,0.12054794520547946,0.12041502265088413,111.5913675456081,111.55260732980263,113.0,1.0,2493.0,5005.0,2.78,2.82,2.8,0.22243523898164214,0.22499281689163128,0.22371014778717516,-1.0
20100220,20100219,F,0.12054794520547946,0.12041502265088413,111.5913675456081,111.55260732980263,114.0,1.0,1572.0,4950.0,2.4,2.45,2.425,0.22348126079261776,0.22677314264326026,0.2251472979579592,-1.0
20100220,20100219,F,0.12054794520547946,0.12041502265088413,111.5913675456081,111.55260732980263,115.0,1.0,30677.0,11471.0,2.07,2.12,2.0949999999999998,0.2251264102691499,0.22858028937426764,0.2268444274500998,-1.0
20100220,20100219,F,0.12054794520547946,0.12041502265088413,111.5913675456081,111.55260732980263,116.0,1.0,1000.0,5388.0,1.79,1.84,1.815,0.22758685929784725,0.23117264241565888,0.22936526885288755,-1.0
20100220,20100219,F,0.12054794520547946,0.12041502265088413,111.5913675456081,111.55260732980263,117.0,1.0,11907.0,2412.0,1.54,1.59,1.565,0.22971142052565652,0.2334860334017009,0.2316354809979077,-1.0
20100220,20100219,F,0.12054794520547946,0.12041502265088413,111.5913675456081,111.55260732980263,118.0,1.0,399.0,2355.0,1.33,1.37,1.35,0.23250887462517655,0.23571265103612604,0.23411428146015054,-1.0
20100220,20100219,F,0.12054794520547946,0.12041502265088413,111.5913675456081,111.55260732980263,119.0,1.0,6121.0,4936.0,1.14,1.18,1.16,0.23467309310519274,0.23810037403024203,0.2363935716725336,-1.0
20100220,20100219,F,0.12054794520547946,0.12041502265088413,111.5913675456081,111.55260732980263,120.0,1.0,1809.0,31597.0,0.99,1.02,1.005,0.2381974540116315,0.2409574790192252,0.23959117958397952,-1.0
20100220,20100219,F,0.12054794520547946,0.12041502265088413,111.5913675456081,111.55260732980263,121.0,1.0,87.0,3861.0,0.84,0.88,0.86,0.23969568542798977,0.24368841189512946,0.2417033379237667,-1.0
20100220,20100219,F,0.12054794520547946,0.12041502265088413,111.5913675456081,111.55260732980263,122.0,1.0,147.0,5471.0,0.72,0.76,0.74,0.24219108616368273,0.24653687990234502,0.244381138841152,-1.0
20100220,20100219,F,0.12054794520547946,0.12041502265088413,111.5913675456081,111.55260732980263,123.0,1.0,109.0,2096.0,0.63,0.67,0.65,0.24625774501771075,0.2509711170330569,0.2486252568275035,-1.0
20100220,20100219,F,0.12054794520547946,0.12041502265088413,111.5913675456081,111.55260732980263,124.0,1.0,492.0,5314.0,0.54,0.58,0.56,0.24871606193653858,0.2538887063085313,0.2513666174778418,-1.0
20100220,20100219,F,0.12054794520547946,0.12041502265088413,111.5913675456081,111.55260732980263,125.0,1.0,1797.0,6459.0,0.47,0.5,0.485,0.25222647251794983,0.2564784120197017,0.25438103287098734,-1.0
20100220,20100219,F,0.12054794520547946,0.12041502265088413,111.5913675456081,111.55260732980263,126.0,1.0,218.0,1811.0,0.4,0.44,0.42000000000000004,0.2542564338670896,0.26042806015635095,0.25735112024951456,-1.0
20100220,20100219,F,0.12054794520547946,0.12041502265088413,111.5913675456081,111.55260732980263,127.0,1.0,71.0,9830.0,0.34,0.38,0.36,0.25616507477157757,0.26304016517785694,0.25962183594876115,-1.0
20100220,20100219,F,0.12054794520547946,0.12041502265088413,111.5913675456081,111.55260732980263,128.0,1.0,0.0,573.0,0.29,0.33,0.31,0.25832868185646074,0.265955591720162,0.26223652208088877,-1.0
20100220,20100219,F,0.12054794520547946,0.12041502265088413,111.5913675456081,111.55260732980263,129.0,1.0,0.0,740.0,0.25,0.29,0.27,0.2610691600422171,0.2695020335084527,0.26537249636503984,-1.0
20100220,20100219,F,0.12054794520547946,0.12041502265088413,111.5913675456081,111.55260732980263,130.0,1.0,234.0,8501.0,0.22,0.25,0.235,0.26483760540293017,0.27183020781883915,0.2684271747505348,-1.0
20100220,20100219,F,0.12054794520547946,0.12041502265088413,111.5913675456081,111.55260732980263,131.0,1.0,50.0,739.0,0.19,0.22,0.20500000000000002,0.2675120524353459,0.27526453974326276,0.2714209858232364,-1.0
20100220,20100219,F,0.12054794520547946,0.12041502265088413,111.5913675456081,111.55260732980263,132.0,1.0,0.0,687.0,0.16,0.19,0.175,0.2688918619450154,0.27751161574201816,0.27332550813754763,-1.0
20100220,20100219,F,0.12054794520547946,0.12041502265088413,111.5913675456081,111.55260732980263,133.0,1.0,157.0,399.0,0.14,0.17,0.15500000000000003,0.2720979168876469,0.2816119770021267,0.27700062959605654,-1.0
20100220,20100219,F,0.12054794520547946,0.12041502265088413,111.5913675456081,111.55260732980263,134.0,1.0,0.0,12289.0,0.11,0.14,0.125,0.27036990553866824,0.2814927729207338,0.2761151666564165,-1.0
20100220,20100219,F,0.12054794520547946,0.12041502265088413,111.5913675456081,111.55260732980263,135.0,1.0,78.0,3044.0,0.09,0.13,0.11,0.2707155716245335,0.28713985023440924,0.2794333499997408,-1.0
20100220,20100219,F,0.12054794520547946,0.12041502265088413,111.5913675456081,111.55260732980263,136.0,1.0,227.0,116.0,0.08,0.11,0.095,0.27448717593616345,0.28827652205496707,0.2817373861579474,-1.0
20100220,20100219,F,0.12054794520547946,0.12041502265088413,111.5913675456081,111.55260732980263,137.0,1.0,0.0,521.0,0.06,0.09,0.075,0.2714991381619671,0.2879592586638575,0.2802779613260208,-1.0
20100220,20100219,F,0.12054794520547946,0.12041502265088413,111.5913675456081,111.55260732980263,138.0,1.0,0.0,560.0,0.05,0.08,0.065,0.2727671053720354,0.29128395890010295,0.28273633695840433,-1.0
20100220,20100219,F,0.12054794520547946,0.12041502265088413,111.5913675456081,111.55260732980263,139.0,1.0,0.0,344.0,0.04,0.07,0.05500000000000001,0.27262715028767526,0.29384208040467075,0.28424399760851143,-1.0
20100220,20100219,F,0.12054794520547946,0.12041502265088413,111.5913675456081,111.55260732980263,140.0,1.0,176.0,2615.0,0.03,0.06,0.045,0.2704294508966261,0.29558095958527525,0.2845156387391677,-1.0
20100220,20100219,F,0.12054794520547946,0.12041502265088413,111.5913675456081,111.55260732980263,141.0,1.0,0.0,473.0,0.03,0.05,0.04,0.27781512730238433,0.2960816318889528,0.2877607408492082,-1.0
20100220,20100219,F,0.12054794520547946,0.12041502265088413,111.5913675456081,111.55260732980263,142.0,1.0,0.0,229.0,0.02,0.05,0.035,0.27209401261917976,0.3037333485512672,0.29043096807916696,-1.0
20100220,20100219,F,0.12054794520547946,0.12041502265088413,111.5913675456081,111.55260732980263,143.0,1.0,0.0,110.0,0.02,0.05,0.035,0.2790150572029334,0.31126611059410475,0.2976758182366778,-1.0
20100220,20100219,F,0.12054794520547946,0.12041502265088413,111.5913675456081,111.55260732980263,144.0,1.0,0.0,0.0,0.02,0.05,0.035,0.28586561739857863,0.3187195474877932,0.3048771962775132,-1.0
20100220,20100219,F,0.12054794520547946,0.12041502265088413,111.5913675456081,111.55260732980263,145.0,1.0,10.0,30.0,0.01,0.04,0.025,0.2724907648981728,0.3170952989873695,0.299983815868366,-1.0
20100320,20100319,F,0.19726027397260273,0.1975741633786351,111.5913675456081,111.56917424075303,70.0,-1.0,10.0,6160.0,0.03,0.08,0.055,0.4151237705182021,0.4683364616307061,0.44609547113980424,-1.0
20100320,20100319,F,0.19726027397260273,0.1975741633786351,111.5913675456081,111.56917424075303,75.0,-1.0,0.0,11486.0,0.03,0.08,0.055,0.3587625323914241,0.4058360289433242,0.3860983498250254,-1.0
20100320,20100319,F,0.19726027397260273,0.1975741633786351,111.5913675456081,111.56917424075303,77.0,-1.0,0.0,21.0,0.02,0.08,0.05,0.322058797967457,0.3818324957428984,0.35868921838884843,-1.0
20100320,20100319,F,0.19726027397260273,0.1975741633786351,111.5913675456081,111.56917424075303,78.0,-1.0,0.0,280.0,0.05,0.09,0.07,0.3475008140984791,0.3762986210669196,0.36327509265018676,-1.0
20100320,20100319,F,0.19726027397260273,0.1975741633786351,111.5913675456081,111.56917424075303,79.0,-1.0,0.0,146.0,0.04,0.09,0.065,0.32706400023797205,0.36442320918485605,0.348239782821467,-1.0
20100320,20100319,F,0.19726027397260273,0.1975741633786351,111.5913675456081,111.56917424075303,80.0,-1.0,0.0,3629.0,0.04,0.1,0.07,0.3163319732331596,0.35819419627319726,0.3403947766003433,-1.0
20100320,20100319,F,0.19726027397260273,0.1975741633786351,111.5913675456081,111.56917424075303,81.0,-1.0,0.0,9899.0,0.04,0.11,0.075,0.3056903268597499,0.35145443058895226,0.33228288562784347,-1.0
20100320,20100319,F,0.19726027397260273,0.1975741633786351,111.5913675456081,111.56917424075303,82.0,-1.0,0.0,949.0,0.04,0.12,0.08,0.2952300277132523,0.34428199010818095,0.32402218879857003,-1.0
20100320,20100319,F,0.19726027397260273,0.1975741633786351,111.5913675456081,111.56917424075303,83.0,-1.0,0.0,1280.0,0.06,0.13,0.095,0.30038162268874774,0.3367401474712493,0.3207927604162504,-1.0
20100320,20100319,F,0.19726027397260273,0.1975741633786351,111.5913675456081,111.56917424075303,84.0,-1.0,21.0,1451.0,0.07,0.14,0.10500000000000001,0.29596140050144226,0.32889825243141274,0.31419565434812724,-1.0
20100320,20100319,F,0.19726027397260273,0.1975741633786351,111.5913675456081,111.56917424075303,85.0,-1.0,0.0,7632.0,0.1,0.15,0.125,0.3005212271891295,0.3206994226562428,0.31128903308675787,-1.0
20100320,20100319,F,0.19726027397260273,0.1975741633786351,111.5913675456081,111.56917424075303,86.0,-1.0,0.0,15365.0,0.1,0.17,0.135,0.2892887247885202,0.31555933130930347,0.3034608185680976,-1.0
20100320,20100319,F,0.19726027397260273,0.1975741633786351,111.5913675456081,111.56917424075303,87.0,-1.0,10.0,1404.0,0.12,0.18,0.15,0.28632909940909884,0.306729317013612,0.2971433645548201,-1.0
20100320,20100319,F,0.19726027397260273,0.1975741633786351,111.5913675456081,111.56917424075303,88.0,-1.0,10.0,821.0,0.14,0.2,0.17,0.2821674470668951,0.3004996077547624,0.2918190258280694,-1.0
20100320,20100319,F,0.19726027397260273,0.1975741633786351,111.5913675456081,111.56917424075303,89.0,-1.0,0.0,3224.0,0.16,0.22,0.19,0.2770866167606721,0.2936929074599707,0.2857616815266986,-1.0
20100320,20100319,F,0.19726027397260273,0.1975741633786351,111.5913675456081,111.56917424075303,90.0,-1.0,16029.0,29078.0,0.19,0.25,0.22,0.2738585103009337,0.28870182262592864,0.28157189715617587,-1.0
20100320,20100319,F,0.19726027397260273,0.1975741633786351,111.5913675456081,111.56917424075303,91.0,-1.0,0.0,2623.0,0.21,0.27,0.24,0.2671090284665948,0.280783260876954,0.2741607550861357,-1.0
20100320,20100319,F,0.19726027397260273,0.1975741633786351,111.5913675456081,111.56917424075303,92.0,-1.0,281.0,3357.0,0.25,0.3,0.275,0.2642350355130445,0.27441784724668244,0.269507872653164,-1.0
20100320,20100319,F,0.19726027397260273,0.1975741633786351,111.5913675456081,111.56917424075303,93.0,-1.0,25.0,7796.0,0.28,0.34,0.31000000000000005,0.25812980798977425,0.2692298576993216,0.26385729314106177,-1.0
20100320,20100319,F,0.19726027397260273,0.1975741633786351,111.5913675456081,111.56917424075303,94.0,-1.0,40.0,3541.0,0.32,0.39,0.355,0.2531147680731276,0.2647900270974517,0.25908025347193614,-1.0
20100320,20100319,F,0.19726027397260273,0.1975741633786351,111.5913675456081,111.56917424075303,95.0,-1.0,223.0,21811.0,0.4,0.43,0.41500000000000004,0.25339657883501815,0.2579257165698654,0.25568665355606546,-1.0
20100320,20100319,F,0.19726027397260273,0.1975741633786351,111.5913675456081,111.56917424075303,96.0,-1.0,0.0,1950.0,0.46,0.5,0.48,0.2490604861529871,0.25440655741980545,0.2517274849948645,-1.0
20100320,20100319,F,0.19726027397260273,0.1975741633786351,111.5913675456081,111.56917424075303,97.0,-1.0,111.0,17559.0,0.54,0.58,0.56,0.2459666992116622,0.25085738740821417,0.24847520824374458,-1.0
20100320,20100319,F,0.19726027397260273,0.1975741633786351,111.5913675456081,111.56917424075303,98.0,-1.0,104.0,1174.0,0.63,0.67,0.65,0.24273545627427542,0.24715414080244297,0.24492626695672623,-1.0
20100320,20100319,F,0.19726027397260273,0.1975741633786351,111.5913675456081,111.56917424075303,99.0,-1.0,168.0,6421.0,0.74,0.78,0.76,0.2401869066257486,0.24418618786806406,0.2421955701380153,-1.0
20100320,20100319,F,0.19726027397260273,0.1975741633786351,111.5913675456081,111.56917424075303,100.0,-1.0,5511.0,73579.0,0.87,0.91,0.89,0.23799412446669557,0.24162942813868998,0.2398230184411424,-1.0
20100320,20100319,F,0.19726027397260273,0.1975741633786351,111.5913675456081,111.56917424075303,101.0,-1.0,216.0,3860.0,1.02,1.06,1.04,0.23591825365609706,0.23924303140759126,0.23758903555193336,-1.0
20100320,20100319,F,0.19726027397260273,0.1975741633786351,111.5913675456081,111.56917424075303,102.0,-1.0,1.0,4659.0,1.19,1.23,1.21,0.23378841204668743,0.23685061616127656,0.23533084632392953,-1.0
20100320,20100319,F,0.19726027397260273,0.1975741633786351,111.5913675456081,111.56917424075303,103.0,-1.0,46.0,2238.0,1.39,1.43,1.41,0.23219240531435295,0.2350284180559931,0.2336149257723252,-1.0
20100320,20100319,F,0.19726027397260273,0.1975741633786351,111.5913675456081,111.56917424075303,104.0,-1.0,22.0,2773.0,1.63,1.67,1.65,0.23155660154342694,0.23419816465184387,0.2328796971843426,-1.0
20100320,20100319,F,0.19726027397260273,0.1975741633786351,111.5913675456081,111.56917424075303,105.0,-1.0,1220.0,22430.0,1.89,1.93,1.91,0.23034742666778596,0.23283128139227927,0.23162818921606512,-1.0
20100320,20100319,F,0.19726027397260273,0.1975741633786351,111.5913675456081,111.56917424075303,106.0,-1.0,4248.0,5169.0,2.19,2.24,2.215,0.2297424305245567,0.2326825728436961,0.23119579696862777,-1.0
20100320,20100319,F,0.19726027397260273,0.1975741633786351,111.5913675456081,111.56917424075303,107.0,-1.0,1788.0,2903.0,2.53,2.58,2.5549999999999997,0.22957395664735722,0.2324081263662378,0.2309747400261594,-1.0
20100320,20100319,F,0.19726027397260273,0.1975741633786351,111.5913675456081,111.56917424075303,108.0,-1.0,2434.0,4251.0,2.9,2.95,2.925,0.22918985250370869,0.2318555736319485,0.2305422649619939,-1.0
20100320,20100319,F,0.19726027397260273,0.1975741633786351,111.5913675456081,111.56917424075303,109.0,-1.0,12.0,18206.0,3.3,3.4,3.3499999999999996,0.22857031785466028,0.23379580675244385,0.23119825085293735,-1.0
20100320,20100319,F,0.19726027397260273,0.1975741633786351,111.5913675456081,111.56917424075303,110.0,-1.0,16661.0,7371.0,3.8,3.85,3.825,0.2312708851850399,0.23387917941626987,0.23255428175444728,-1.0
20100320,20100319,F,0.19726027397260273,0.1975741633786351,111.5913675456081,111.56917424075303,111.0,-1.0,486.0,7143.0,4.25,4.35,4.3,0.2296163052951386,0.23472284977097296,0.23213866968318797,-1.0
20100320,20100319,F,0.19726027397260273,0.1975741633786351,111.5913675456081,111.56917424075303,112.0,1.0,2946.0,5139.0,4.4,4.45,4.425000000000001,0.23280322287481267,0.23534207557902842,0.23410690838434628,-1.0
20100320,20100319,F,0.19726027397260273,0.1975741633786351,111.5913675456081,111.56917424075303,113.0,1.0,967.0,4222.0,3.9,4.0,3.95,0.23018709020570158,0.23521610240707538,0.23265272128827316,-1.0
20100320,20100319,F,0.19726027397260273,0.1975741633786351,111.5913675456081,111.56917424075303,114.0,1.0,55.0,3267.0,3.55,3.65,3.5999999999999996,0.23338523372153275,0.23848113232643317,0.235943134215827,-1.0
20100320,20100319,F,0.19726027397260273,0.1975741633786351,111.5913675456081,111.56917424075303,115.0,1.0,322.0,23856.0,3.2,3.25,3.225,0.23501826948211343,0.23758795335541585,0.23631770206655223,-1.0
20100320,20100319,F,0.19726027397260273,0.1975741633786351,111.5913675456081,111.56917424075303,116.0,1.0,143.0,3852.0,2.87,2.93,2.9000000000000004,0.23611493042259296,0.23933727070333327,0.23770789649121682,-1.0
20100320,20100319,F,0.19726027397260273,0.1975741633786351,111.5913675456081,111.56917424075303,117.0,1.0,199.0,10023.0,2.58,2.63,2.605,0.23781984707792245,0.24056371924869804,0.23917826354760405,-1.0
20100320,20100319,F,0.19726027397260273,0.1975741633786351,111.5913675456081,111.56917424075303,118.0,1.0,136.0,4231.0,2.31,2.36,2.335,0.23915869570539305,0.2419827196198852,0.2405448513991506,-1.0
20100320,20100319,F,0.19726027397260273,0.1975741633786351,111.5913675456081,111.56917424075303,119.0,1.0,210.0,7765.0,2.08,2.12,2.1,0.24137200652575413,0.24371734304534828,0.24257328808383744,-1.0
20100320,20100319,F,0.19726027397260273,0.1975741633786351,111.5913675456081,111.56917424075303,120.0,1.0,4851.0,46368.0,1.88,1.91,1.895,0.2440678874744337,0.2459001335979999,0.2449851026664796,-1.0
20100320,20100319,F,0.19726027397260273,0.1975741633786351,111.5913675456081,111.56917424075303,121.0,1.0,211.0,2773.0,1.67,1.72,1.6949999999999998,0.244866575454964,0.2480669386854765,0.2464711059233114,-1.0
20100320,20100319,F,0.19726027397260273,0.1975741633786351,111.5913675456081,111.56917424075303,122.0,1.0,233.0,4223.0,1.5,1.55,1.525,0.24696886880785648,0.2503296588219736,0.24865690349447095,-1.0
20100320,20100319,F,0.19726027397260273,0.1975741633786351,111.5913675456081,111.56917424075303,123.0,1.0,0.0,8910.0,1.35,1.4,1.375,0.2492793620562534,0.25281757329557353,0.25106409742323677,-1.0
20100320,20100319,F,0.19726027397260273,0.1975741633786351,111.5913675456081,111.56917424075303,124.0,1.0,1123.0,3901.0,1.21,1.26,1.2349999999999999,0.2511993297035753,0.2549393631700158,0.2530780392061547,-1.0
20100320,20100319,F,0.19726027397260273,0.1975741633786351,111.5913675456081,111.56917424075303,125.0,1.0,12060.0,44275.0,1.1,1.13,1.115,0.2543697085947539,0.25674129214665936,0.2555597903679612,-1.0
20100320,20100319,F,0.19726027397260273,0.1975741633786351,111.5913675456081,111.56917424075303,126.0,1.0,2828.0,1539.0,0.98,1.02,1.0,0.2557477306460629,0.2591109845869709,0.25743983357990186,-1.0
20100320,20100319,F,0.19726027397260273,0.1975741633786351,111.5913675456081,111.56917424075303,127.0,1.0,5.0,7801.0,0.88,0.92,0.9,0.2577985353897996,0.26137735677202084,0.2595905329438676,-1.0
20100320,20100319,F,0.19726027397260273,0.1975741633786351,111.5913675456081,111.56917424075303,128.0,1.0,20.0,2343.0,0.79,0.84,0.815,0.2598010322437432,0.264565080776997,0.262173454567421,-1.0
20100320,20100319,F,0.19726027397260273,0.1975741633786351,111.5913675456081,111.56917424075303,129.0,1.0,64.0,3125.0,0.72,0.75,0.735,0.26290873124941544,0.26595161973799664,0.26444042469943735,-1.0
20100320,20100319,F,0.19726027397260273,0.1975741633786351,111.5913675456081,111.56917424075303,130.0,1.0,1089.0,68626.0,0.65,0.69,0.6699999999999999,0.2652145504228789,0.269539127694287,0.2674044950791229,-1.0
20100320,20100319,F,0.19726027397260273,0.1975741633786351,111.5913675456081,111.56917424075303,131.0,1.0,0.0,1902.0,0.58,0.63,0.605,0.26676130021612987,0.2724618841493096,0.2696079831786197,-1.0
20100320,20100319,F,0.19726027397260273,0.1975741633786351,111.5913675456081,111.56917424075303,132.0,1.0,37.0,701.0,0.52,0.57,0.5449999999999999,0.2685349874194654,0.2746653836340571,0.2716047965823784,-1.0
20100320,20100319,F,0.19726027397260273,0.1975741633786351,111.5913675456081,111.56917424075303,133.0,1.0,8.0,699.0,0.47,0.52,0.495,0.27079591203310915,0.27737127244928916,0.2740922047474997,-1.0
20100320,20100319,F,0.19726027397260273,0.1975741633786351,111.5913675456081,111.56917424075303,134.0,1.0,0.0,827.0,0.43,0.47,0.44999999999999996,0.27378784110897303,0.2793896569742192,0.2765576947815645,-1.0
20100320,20100319,F,0.19726027397260273,0.1975741633786351,111.5913675456081,111.56917424075303,135.0,1.0,121.0,14822.0,0.39,0.43,0.41000000000000003,0.2761206653129295,0.28213517301027913,0.2791694662469295,-1.0
20100320,20100319,F,0.19726027397260273,0.1975741633786351,111.5913675456081,111.56917424075303,136.0,1.0,0.0,974.0,0.35,0.4,0.375,0.277793758128851,0.28583779612516697,0.28189580821488414,-1.0
20100320,20100319,F,0.19726027397260273,0.1975741633786351,111.5913675456081,111.56917424075303,137.0,1.0,6.0,573.0,0.32,0.36,0.33999999999999997,0.28050041512732643,0.28740213009995497,0.28403596233662126,-1.0
20100320,20100319,F,0.19726027397260273,0.1975741633786351,111.5913675456081,111.56917424075303,138.0,1.0,0.0,1535.0,0.29,0.34,0.315,0.2826331407042961,0.2917136985504122,0.2872587714197358,-1.0
20100320,20100319,F,0.19726027397260273,0.1975741633786351,111.5913675456081,111.56917424075303,139.0,1.0,5.0,2195.0,0.26,0.31,0.28500000000000003,0.28413520063241543,0.29392591161869136,0.28915280841332686,-1.0
20100320,20100319,F,0.19726027397260273,0.1975741633786351,111.5913675456081,111.56917424075303,140.0,1.0,0.0,19211.0,0.24,0.29,0.265,0.28714600967238874,0.2975421800565328,0.2924949761110318,-1.0
20100320,20100319,F,0.19726027397260273,0.1975741633786351,111.5913675456081,111.56917424075303,141.0,1.0,0.0,1067.0,0.21,0.26,0.235,0.2873187495718836,0.2986726267885463,0.29318221839595854,-1.0
20100320,20100319,F,0.19726027397260273,0.1975741633786351,111.5913675456081,111.56917424075303,142.0,1.0,0.0,969.0,0.19,0.24,0.215,0.28919828656234803,0.3013689074828338,0.2955083402453516,-1.0
20100320,20100319,F,0.19726027397260273,0.1975741633786351,111.5913675456081,111.56917424075303,143.0,1.0,0.0,1148.0,0.17,0.22,0.195,0.29049165827824136,0.3036169502114211,0.2973188420731933,-1.0
20100320,20100319,F,0.19726027397260273,0.1975741633786351,111.5913675456081,111.56917424075303,144.0,1.0,0.0,4683.0,0.16,0.2,0.18,0.2941962434381072,0.30537552536953627,0.29995917065914873,-1.0
20100320,20100319,F,0.19726027397260273,0.1975741633786351,111.5913675456081,111.56917424075303,145.0,1.0,0.0,3797.0,0.14,0.19,0.165,0.29441880003039944,0.3093570061628953,0.3022802566059688,-1.0
20100320,20100319,F,0.19726027397260273,0.1975741633786351,111.5913675456081,111.56917424075303,146.0,1.0,0.0,688.0,0.12,0.18,0.15,0.29370765930322607,0.3130921195803127,0.3040443173798156,-1.0
20100320,20100319,F,0.19726027397260273,0.1975741633786351,111.5913675456081,111.56917424075303,147.0,1.0,0.0,545.0,0.11,0.16,0.135,0.29601761654646486,0.31351979602434255,0.3053015580911902,-1.0
20100320,20100319,F,0.19726027397260273,0.1975741633786351,111.5913675456081,111.56917424075303,148.0,1.0,0.0,651.0,0.1,0.16,0.13,0.29791406338144466,0.3198072468431541,0.30969405948571743,-1.0
20100320,20100319,F,0.19726027397260273,0.1975741633786351,111.5913675456081,111.56917424075303,149.0,1.0,0.0,397.0,0.08,0.15,0.11499999999999999,0.2945127308383351,0.32282783804610865,0.3100252044561532,-1.0
20100320,20100319,F,0.19726027397260273,0.1975741633786351,111.5913675456081,111.56917424075303,150.0,1.0,0.0,7335.0,0.07,0.14,0.10500000000000001,0.29492683757340027,0.32546944840118675,0.31190766945980913,-1.0
20100320,20100319,F,0.19726027397260273,0.1975741633786351,111.5913675456081,111.56917424075303,151.0,1.0,0.0,1101.0,0.06,0.13,0.095,0.2945149685954407,0.3277921109071713,0.31322111114355383,-1.0
20100320,20100319,F,0.19726027397260273,0.1975741633786351,111.5913675456081,111.56917424075303,152.0,1.0,0.0,982.0,0.05,0.12,0.08499999999999999,0.29318539407603605,0.3297914419475094,0.31411194877152115,-1.0
20100320,20100319,F,0.19726027397260273,0.1975741633786351,111.5913675456081,111.56917424075303,153.0,1.0,0.0,402.0,0.04,0.12,0.08,0.2905760213492933,0.33559732230274775,0.31711192976254815,-1.0
20100320,20100319,F,0.19726027397260273,0.1975741633786351,111.5913675456081,111.56917424075303,154.0,1.0,0.0,170.0,0.03,0.11,0.07,0.2861208540438582,0.33710964453143666,0.3170122269519198,-1.0
20100320,20100319,F,0.19726027397260273,0.1975741633786351,111.5913675456081,111.56917424075303,155.0,1.0,0.0,620.0,0.02,0.1,0.060000000000000005,0.2786483709479505,0.33819663623910295,0.31609140365624755,-1.0
20100320,20100319,F,0.19726027397260273,0.1975741633786351,111.5913675456081,111.56917424075303,156.0,1.0,0.0,0.0,0.02,0.1,0.060000000000000005,0.28342863815404223,0.3437373774415358,0.32136055932128826,-1.0
20100320,20100319,F,0.19726027397260273,0.1975741633786351,111.5913675456081,111.56917424075303,158.0,1.0,0.0,21.0,0.01,0.09,0.049999999999999996,0.2736948648560044,0.3496117788082202,0.3244344715145414,-1.0
20100320,20100319,F,0.19726027397260273,0.1975741633786351,111.5913675456081,111.56917424075303,159.0,1.0,0.0,448.0,0.01,0.09,0.049999999999999996,0.27812029534943,0.35494755725867716,0.3294802962349228,-1.0
20100619,20100618,F,0.4465753424657534,0.44717229285401144,111.5913675456081,111.68193886755108,60.0,-1.0,0.0,435.0,0.01,0.13,0.07,0.3220941635591144,0.43119012999487444,0.39692080197164575,-1.0
20100619,20100618,F,0.4465753424657534,0.44717229285401144,111.5913675456081,111.68193886755108,61.0,-1.0,0.0,289.0,0.01,0.13,0.07,0.3140587768504769,0.4208121669428148,0.3872582462200787,-1.0
20100619,20100618,F,0.4465753424657534,0.44717229285401144,111.5913675456081,111.68193886755108,62.0,-1.0,0.0,175.0,0.02,0.14,0.08,0.3274933979310545,0.4150264416496452,0.38431623101647616,-1.0
20100619,20100618,F,0.4465753424657534,0.44717229285401144,111.5913675456081,111.68193886755108,63.0,-1.0,0.0,187.0,0.02,0.15,0.08499999999999999,0.3191893322588502,0.4089960155980373,0.3777895755523268,-1.0
20100619,20100618,F,0.4465753424657534,0.44717229285401144,111.5913675456081,111.68193886755108,64.0,-1.0,0.0,298.0,0.02,0.15,0.08499999999999999,0.3110418164310534,0.3989045521222208,0.368354311125039,-1.0
20100619,20100618,F,0.4465753424657534,0.44717229285401144,111.5913675456081,111.68193886755108,65.0,-1.0,0.0,345.0,0.03,0.15,0.09,0.31647077409543933,0.3889684061754948,0.3618138476767734,-1.0
20100619,20100618,F,0.4465753424657534,0.44717229285401144,111.5913675456081,111.68193886755108,66.0,-1.0,0.0,393.0,0.04,0.16,0.1,0.31847138023451094,0.38287699569949446,0.3577114794672266,-1.0
20100619,20100618,F,0.4465753424657534,0.44717229285401144,111.5913675456081,111.68193886755108,67.0,-1.0,0.0,156.0,0.05,0.17,0.11000000000000001,0.31849913642044314,0.37661941389420306,0.3531582785896402,-1.0
20100619,20100618,F,0.4465753424657534,0.44717229285401144,111.5913675456081,111.68193886755108,68.0,-1.0,0.0,1523.0,0.07,0.19,0.13,0.3234802552435799,0.3733958896292888,0.35234662635699837,-1.0
20100619,20100618,F,0.4465753424657534,0.44717229285401144,111.5913675456081,111.68193886755108,69.0,-1.0,0.0,50.0,0.08,0.16,0.12,0.320554675742264,0.35404320315484894,0.33913241931855304,-1.0
20100619,20100618,F,0.4465753424657534,0.44717229285401144,111.5913675456081,111.68193886755108,70.0,-1.0,0.0,785.0,0.1,0.2,0.15000000000000002,0.3216356498594159,0.35708143884799526,0.3412665245776853,-1.0
20100619,20100618,F,0.4465753424657534,0.44717229285401144,111.5913675456081,111.68193886755108,71.0,-1.0,0.0,20.0,0.11,0.2,0.155,0.31715487500963563,0.34758708531511834,0.333776232513045,-1.0
20100619,20100618,F,0.4465753424657534,0.44717229285401144,111.5913675456081,111.68193886755108,72.0,-1.0,0.0,169.0,0.11,0.22,0.165,0.3084502917418564,0.34354498971149117,0.3278742541452488,-1.0
20100619,20100618,F,0.4465753424657534,0.44717229285401144,111.5913675456081,111.68193886755108,73.0,-1.0,0.0,200.0,0.14,0.2,0.17,0.31076172232695376,0.32883285095991177,0.32033445351220396,-1.0
20100619,20100618,F,0.4465753424657534,0.44717229285401144,111.5913675456081,111.68193886755108,74.0,-1.0,0.0,131.0,0.15,0.24,0.195,0.30522999335709317,0.3296498652398796,0.3182910130170442,-1.0
20100619,20100618,F,0.4465753424657534,0.44717229285401144,111.5913675456081,111.68193886755108,75.0,-1.0,0.0,2531.0,0.16,0.27,0.21500000000000002,0.2995178811275611,0.32705170556409846,0.3143701724954706,-1.0
20100619,20100618,F,0.4465753424657534,0.44717229285401144,111.5913675456081,111.68193886755108,76.0,-1.0,0.0,309.0,0.19,0.28,0.23500000000000001,0.2990406517549021,0.31980582637959337,0.31002710376366116,-1.0
20100619,20100618,F,0.4465753424657534,0.44717229285401144,111.5913675456081,111.68193886755108,77.0,-1.0,0.0,86.0,0.21,0.3,0.255,0.2951615801161465,0.3144693111465662,0.30532427849676375,-1.0
20100619,20100618,F,0.4465753424657534,0.44717229285401144,111.5913675456081,111.68193886755108,78.0,-1.0,0.0,227.0,0.23,0.33,0.28,0.29087083468875774,0.3107104936958829,0.3013114257918903,-1.0
20100619,20100618,F,0.4465753424657534,0.44717229285401144,111.5913675456081,111.68193886755108,79.0,-1.0,0.0,110.0,0.26,0.35,0.305,0.2883045822585588,0.3048358386969447,0.2969017268820862,-1.0
20100619,20100618,F,0.4465753424657534,0.44717229285401144,111.5913675456081,111.68193886755108,80.0,-1.0,1.0,9220.0,0.31,0.38,0.345,0.28864513052799184,0.3003775313381297,0.2946650898436078,-1.0
20100619,20100618,F,0.4465753424657534,0.44717229285401144,111.5913675456081,111.68193886755108,81.0,-1.0,0.0,631.0,0.34,0.42,0.38,0.2846382997391678,0.297049909703365,0.29098876483705877,-1.0
20100619,20100618,F,0.4465753424657534,0.44717229285401144,111.5913675456081,111.68193886755108,82.0,-1.0,0.0,1117.0,0.38,0.45,0.41500000000000004,0.2817607901571517,0.29181676510298515,0.2869645018775656,-1.0
20100619,20100618,F,0.4465753424657534,0.44717229285401144,111.5913675456081,111.68193886755108,83.0,-1.0,8.0,811.0,0.42,0.5,0.45999999999999996,0.2783100825364961,0.2889325105152527,0.283787679519675,-1.0
20100619,20100618,F,0.4465753424657534,0.44717229285401144,111.5913675456081,111.68193886755108,84.0,-1.0,4.0,851.0,0.47,0.54,0.505,0.2756708531369258,0.28437317038532417,0.2801169535611321,-1.0
20100619,20100618,F,0.4465753424657534,0.44717229285401144,111.5913675456081,111.68193886755108,85.0,-1.0,12.0,15262.0,0.53,0.6,0.565,0.2736095018885115,0.2816231584827541,0.27763418882635094,-1.0
20100619,20100618,F,0.4465753424657534,0.44717229285401144,111.5913675456081,111.68193886755108,86.0,-1.0,0.0,699.0,0.58,0.65,0.615,0.2697670273709784,0.27725880258468294,0.27353909225157585,-1.0
20100619,20100618,F,0.4465753424657534,0.44717229285401144,111.5913675456081,111.68193886755108,87.0,-1.0,0.0,435.0,0.65,0.73,0.69,0.2675212764142298,0.2754222472064712,0.27150955393098225,-1.0
20100619,20100618,F,0.4465753424657534,0.44717229285401144,111.5913675456081,111.68193886755108,88.0,-1.0,0.0,5928.0,0.73,0.8,0.765,0.2655879533578458,0.2719741124348742,0.26878890469525407,-1.0
20100619,20100618,F,0.4465753424657534,0.44717229285401144,111.5913675456081,111.68193886755108,89.0,-1.0,0.0,832.0,0.81,0.88,0.845,0.2629353407607874,0.26887140909383056,0.26591746750016143,-1.0
20100619,20100618,F,0.4465753424657534,0.44717229285401144,111.5913675456081,111.68193886755108,90.0,-1.0,2.0,12947.0,0.9,0.98,0.94,0.26037419616790364,0.26679340210435043,0.263648379823883,-1.0
20100619,20100618,F,0.4465753424657534,0.44717229285401144,111.5913675456081,111.68193886755108,91.0,-1.0,3.0,716.0,1.03,1.08,1.0550000000000002,0.26032179828489527,0.26403270776323823,0.26216664011662605,-1.0
20100619,20100618,F,0.4465753424657534,0.44717229285401144,111.5913675456081,111.68193886755108,92.0,-1.0,74.0,1237.0,1.15,1.2,1.1749999999999998,0.2585916786839859,0.2620566934005632,0.2603280244798119,-1.0
20100619,20100618,F,0.4465753424657534,0.44717229285401144,111.5913675456081,111.68193886755108,93.0,-1.0,100.0,1248.0,1.28,1.33,1.3050000000000002,0.2567887992777063,0.26003500670068314,0.2584214540496317,-1.0
20100619,20100618,F,0.4465753424657534,0.44717229285401144,111.5913675456081,111.68193886755108,94.0,-1.0,71.0,3781.0,1.43,1.48,1.455,0.2554950415483584,0.25853917324303555,0.2570239839799867,-1.0
20100619,20100618,F,0.4465753424657534,0.44717229285401144,111.5913675456081,111.68193886755108,95.0,-1.0,30.0,1740.0,1.59,1.64,1.615,0.2540036104214357,0.25686991077676613,0.25544193836390744,-1.0
20100619,20100618,F,0.4465753424657534,0.44717229285401144,111.5913675456081,111.68193886755108,96.0,-1.0,4.0,1390.0,1.75,1.83,1.79,0.25175909364710947,0.2560936581308981,0.25394818810561826,-1.0
20100619,20100618,F,0.4465753424657534,0.44717229285401144,111.5913675456081,111.68193886755108,97.0,-1.0,0.0,1092.0,1.96,2.03,1.9949999999999999,0.2514283013941534,0.2550125939484073,0.2532303595169167,-1.0
20100619,20100618,F,0.4465753424657534,0.44717229285401144,111.5913675456081,111.68193886755108,98.0,-1.0,54.0,2087.0,2.18,2.24,2.21,0.2507226276249027,0.25363987970457197,0.25218587106826185,-1.0
20100619,20100618,F,0.4465753424657534,0.44717229285401144,111.5913675456081,111.68193886755108,99.0,-1.0,277.0,912.0,2.42,2.48,2.45,0.2501295571522673,0.2529077988592376,0.25152155155926287,-1.0
20100619,20100618,F,0.4465753424657534,0.44717229285401144,111.5913675456081,111.68193886755108,100.0,-1.0,533.0,7343.0,2.68,2.74,2.71,0.2496061329241945,0.25226146866148236,0.2509357620956678,-1.0
20100619,20100618,F,0.4465753424657534,0.44717229285401144,111.5913675456081,111.68193886755108,101.0,-1.0,9.0,1042.0,2.96,3.05,3.005,0.24911766654282794,0.25293539749540817,0.25105799109187765,-1.0
20100619,20100618,F,0.4465753424657534,0.44717229285401144,111.5913675456081,111.68193886755108,102.0,-1.0,243.0,5741.0,3.25,3.35,3.3,0.24823035025512957,0.2523156692492964,0.2502420144112572,-1.0
20100619,20100618,F,0.4465753424657534,0.44717229285401144,111.5913675456081,111.68193886755108,103.0,-1.0,103.0,2264.0,3.55,3.7,3.625,0.24696419043014128,0.2528846140210091,0.2499144906219642,-1.0
20100619,20100618,F,0.4465753424657534,0.44717229285401144,111.5913675456081,111.68193886755108,104.0,-1.0,395.0,1192.0,3.9,4.05,3.9749999999999996,0.2468704088412333,0.2526093374640398,0.24973756430282346,-1.0
20100619,20100618,F,0.4465753424657534,0.44717229285401144,111.5913675456081,111.68193886755108,105.0,-1.0,405.0,6196.0,4.3,4.4,4.35,0.24783126191822835,0.251598005649947,0.24969118456044834,-1.0
20100619,20100618,F,0.4465753424657534,0.44717229285401144,111.5913675456081,111.68193886755108,106.0,-1.0,576.0,1327.0,4.7,4.8,4.75,0.24794383759486013,0.2515486834516294,0.24976034028699198,-1.0
20100619,20100618,F,0.4465753424657534,0.44717229285401144,111.5913675456081,111.68193886755108,107.0,-1.0,1.0,565.0,5.15,5.25,5.2,0.24904523784022367,0.2525969162451726,0.2508242110948423,-1.0
20100619,20100618,F,0.4465753424657534,0.44717229285401144,111.5913675456081,111.68193886755108,108.0,-1.0,6.0,1672.0,5.6,5.7,5.65,0.24933487638922963,0.2528417719306409,0.2510828932054353,-1.0
20100619,20100618,F,0.4465753424657534,0.44717229285401144,111.5913675456081,111.68193886755108,109.0,-1.0,10.0,1039.0,6.05,6.2,6.125,0.2488826673391481,0.25406317330605566,0.25140878125764315,-1.0
20100619,20100618,F,0.4465753424657534,0.44717229285401144,111.5913675456081,111.68193886755108,110.0,-1.0,549.0,7554.0,6.55,6.7,6.625,0.24932262033821714,0.2545103175236634,0.25188312997635054,-1.0
20100619,20100618,F,0.4465753424657534,0.44717229285401144,111.5913675456081,111.68193886755108,111.0,-1.0,1544.0,679.0,7.1,7.2,7.15,0.25078674461548456,0.2542045040303013,0.2525113042438841,-1.0
20100619,20100618,F,0.4465753424657534,0.44717229285401144,111.5913675456081,111.68193886755108,112.0,1.0,263.0,2542.0,7.35,7.45,7.4,0.25209067263938284,0.2554896923988685,0.2538098517800898,-1.0
20100619,20100618,F,0.4465753424657534,0.44717229285401144,111.5913675456081,111.68193886755108,113.0,1.0,7.0,1557.0,6.9,7.0,6.95,0.25204478841357825,0.25544539287362067,0.2537512025367377,-1.0
20100619,20100618,F,0.4465753424657534,0.44717229285401144,111.5913675456081,111.68193886755108,114.0,1.0,19.0,1637.0,6.5,6.6,6.55,0.25297160875002606,0.2563926386202861,0.25467359310975185,-1.0
20100619,20100618,F,0.4465753424657534,0.44717229285401144,111.5913675456081,111.68193886755108,115.0,1.0,309.0,6948.0,6.1,6.25,6.175,0.25327673578787135,0.2583606020501552,0.25582727009993966,-1.0
20100619,20100618,F,0.4465753424657534,0.44717229285401144,111.5913675456081,111.68193886755108,116.0,1.0,101.0,1220.0,5.75,5.9,5.825,0.2545755490375041,0.2596694595451425,0.25711787032036826,-1.0
20100619,20100618,F,0.4465753424657534,0.44717229285401144,111.5913675456081,111.68193886755108,117.0,1.0,130.0,1959.0,5.4,5.55,5.475,0.2552343104159718,0.26034561991904914,0.25779677360480674,-1.0
20100619,20100618,F,0.4465753424657534,0.44717229285401144,111.5913675456081,111.68193886755108,118.0,1.0,6.0,7410.0,5.1,5.2,5.15,0.2569852932193022,0.2604090310931342,0.25871021830937546,-1.0
20100619,20100618,F,0.4465753424657534,0.44717229285401144,111.5913675456081,111.68193886755108,119.0,1.0,456.0,2098.0,4.8,4.9,4.85,0.258143477442399,0.26158818411625295,0.25988820598646234,-1.0
20100619,20100618,F,0.4465753424657534,0.44717229285401144,111.5913675456081,111.68193886755108,120.0,1.0,2117.0,10310.0,4.6,4.65,4.625,0.2622537540569926,0.2639873889715937,0.2631337872892176,-1.0
20100619,20100618,F,0.4465753424657534,0.44717229285401144,111.5913675456081,111.68193886755108,121.0,1.0,65.0,1462.0,4.25,4.35,4.3,0.2604909032441124,0.26409059508874716,0.26228055867474637,-1.0
20100619,20100618,F,0.4465753424657534,0.44717229285401144,111.5913675456081,111.68193886755108,122.0,1.0,511.0,1772.0,4.0,4.1,4.05,0.2617340136573317,0.2653924849818793,0.26354547302174314,-1.0
20100619,20100618,F,0.4465753424657534,0.44717229285401144,111.5913675456081,111.68193886755108,123.0,1.0,0.0,7730.0,3.8,3.9,3.8499999999999996,0.26430645577618983,0.26802926027672436,0.26613440420334383,-1.0
20100619,20100618,F,0.4465753424657534,0.44717229285401144,111.5913675456081,111.68193886755108,124.0,1.0,11.0,21366.0,3.55,3.65,3.5999999999999996,0.264508174913067,0.268311745781774,0.2664478893043408,-1.0
20100619,20100618,F,0.4465753424657534,0.44717229285401144,111.5913675456081,111.68193886755108,125.0,1.0,764.0,30531.0,3.35,3.45,3.4000000000000004,0.26610617432838274,0.2699912071400007,0.2680520712397678,-1.0
20100619,20100618,F,0.4465753424657534,0.44717229285401144,111.5913675456081,111.68193886755108,126.0,1.0,2.0,1078.0,3.15,3.25,3.2,0.2672297115369439,0.2712057442300974,0.26922190871887813,-1.0
20100619,20100618,F,0.4465753424657534,0.44717229285401144,111.5913675456081,111.68193886755108,127.0,1.0,1.0,1881.0,3.0,3.1,3.05,0.26991169521377345,0.27397444009239136,0.271948139150175,-1.0
20100619,20100618,F,0.4465753424657534,0.44717229285401144,111.5913675456081,111.68193886755108,128.0,1.0,109.0,3662.0,2.83,2.89,2.8600000000000003,0.2713702630849049,0.273871967467258,0.2726239808314697,-1.0
20100619,20100618,F,0.4465753424657534,0.44717229285401144,111.5913675456081,111.68193886755108,129.0,1.0,90.0,947.0,2.67,2.73,2.7,0.2728203131455885,0.27538728594473727,0.27410799829508675,-1.0
20100619,20100618,F,0.4465753424657534,0.44717229285401144,111.5913675456081,111.68193886755108,130.0,1.0,251.0,6335.0,2.52,2.58,2.55,0.27428828336276345,0.27692451538518414,0.27561292434422446,-1.0
20100619,20100618,F,0.4465753424657534,0.44717229285401144,111.5913675456081,111.68193886755108,131.0,1.0,145.0,987.0,2.38,2.44,2.41,0.2758006608241615,0.27850996697422825,0.2771659163205591,-1.0
20100619,20100618,F,0.4465753424657534,0.44717229285401144,111.5913675456081,111.68193886755108,132.0,1.0,59.0,1874.0,2.25,2.3,2.275,0.27738652459836066,0.27970926974863697,0.2785882146070591,-1.0
20100619,20100618,F,0.4465753424657534,0.44717229285401144,111.5913675456081,111.68193886755108,133.0,1.0,1.0,560.0,2.13,2.18,2.1550000000000002,0.2790750166837816,0.2814642254097756,0.28027628618408024,-1.0
20100619,20100618,F,0.4465753424657534,0.44717229285401144,111.5913675456081,111.68193886755108,134.0,1.0,0.0,308.0,2.02,2.07,2.045,0.28089895351155864,0.28335687267646836,0.2821315927589219,-1.0
20100619,20100618,F,0.4465753424657534,0.44717229285401144,111.5913675456081,111.68193886755108,135.0,1.0,2.0,7167.0,1.91,1.95,1.93,0.28238661412625615,0.28441393433332396,0.2834031795530942,-1.0
20100619,20100618,F,0.4465753424657534,0.44717229285401144,111.5913675456081,111.68193886755108,136.0,1.0,0.0,243.0,1.8,1.89,1.845,0.28351594748833475,0.28821099131574746,0.28587917593092804,-1.0
20100619,20100618,F,0.4465753424657534,0.44717229285401144,111.5913675456081,111.68193886755108,137.0,1.0,0.0,639.0,1.71,1.79,1.75,0.285380078840295,0.2896808911894335,0.2875452675142972,-1.0
20100619,20100618,F,0.4465753424657534,0.44717229285401144,111.5913675456081,111.68193886755108,138.0,1.0,0.0,355.0,1.59,1.7,1.645,0.2852479931346926,0.29137867700369385,0.2883381718229206,-1.0
20100619,20100618,F,0.4465753424657534,0.44717229285401144,111.5913675456081,111.68193886755108,139.0,1.0,0.0,380.0,1.52,1.61,1.565,0.2876067626869271,0.2927730498818333,0.2902019361677554,-1.0
20100619,20100618,F,0.4465753424657534,0.44717229285401144,111.5913675456081,111.68193886755108,140.0,1.0,139.0,5071.0,1.44,1.49,1.4649999999999999,0.28912588254314303,0.2920981794203076,0.29059634375211496,-1.0
20100619,20100618,F,0.4465753424657534,0.44717229285401144,111.5913675456081,111.68193886755108,141.0,1.0,2.0,2935.0,1.36,1.42,1.3900000000000001,0.2903306686892435,0.29401766127340095,0.29214089483373895,-1.0
20100619,20100618,F,0.4465753424657534,0.44717229285401144,111.5913675456081,111.68193886755108,142.0,1.0,10.0,109.0,1.29,1.34,1.315,0.2918733385458615,0.29505086329933206,0.2934827480193108,-1.0
20100619,20100618,F,0.4465753424657534,0.44717229285401144,111.5913675456081,111.68193886755108,143.0,1.0,0.0,233.0,1.22,1.31,1.2650000000000001,0.2931099560808459,0.29901029980808097,0.2960970429956375,-1.0
20100619,20100618,F,0.4465753424657534,0.44717229285401144,111.5913675456081,111.68193886755108,144.0,1.0,0.0,469.0,1.16,1.24,1.2,0.294775509410783,0.3001974523076462,0.29752706882974195,-1.0
20100619,20100618,F,0.4465753424657534,0.44717229285401144,111.5913675456081,111.68193886755108,145.0,1.0,0.0,3546.0,1.09,1.18,1.135,0.29556291507931026,0.30179362872755566,0.2986761461289473,-1.0
20100619,20100618,F,0.4465753424657534,0.44717229285401144,111.5913675456081,111.68193886755108,146.0,1.0,9.0,1221.0,1.04,1.1,1.07,0.29734880324886237,0.30171592756477256,0.2995545445913392,-1.0
20100619,20100618,F,0.4465753424657534,0.44717229285401144,111.5913675456081,111.68193886755108,147.0,1.0,0.0,1728.0,0.99,1.06,1.025,0.29897249731050557,0.3042335373840886,0.30163614062055605,-1.0
20100619,20100618,F,0.4465753424657534,0.44717229285401144,111.5913675456081,111.68193886755108,148.0,1.0,0.0,1343.0,0.94,1.01,0.975,0.300376517192038,0.3058218897289479,0.3031337526933544,-1.0
20100619,20100618,F,0.4465753424657534,0.44717229285401144,111.5913675456081,111.68193886755108,149.0,1.0,0.0,6840.0,0.89,0.97,0.9299999999999999,0.301625056638762,0.30797150420441116,0.30479754195819,-1.0
20100619,20100618,F,0.4465753424657534,0.44717229285401144,111.5913675456081,111.68193886755108,150.0,1.0,35.0,23225.0,0.84,0.92,0.88,0.30253777834329426,0.3091340400218397,0.3058350839854136,-1.0
20100619,20100618,F,0.4465753424657534,0.44717229285401144,111.5913675456081,111.68193886755108,151.0,1.0,0.0,838.0,0.8,0.87,0.835,0.3040858001377764,0.31005238605732827,0.3070462937451047,-1.0
20100619,20100618,F,0.4465753424657534,0.44717229285401144,111.5913675456081,111.68193886755108,152.0,1.0,5.0,14897.0,0.76,0.82,0.79,0.30542651294237605,0.31071845208508164,0.3080214042224205,-1.0
20100619,20100618,F,0.4465753424657534,0.44717229285401144,111.5913675456081,111.68193886755108,153.0,1.0,0.0,549.0,0.72,0.79,0.755,0.30649969229157,0.3129264089435221,0.30976962205408787,-1.0
20100619,20100618,F,0.4465753424657534,0.44717229285401144,111.5913675456081,111.68193886755108,154.0,1.0,0.0,766.0,0.68,0.75,0.7150000000000001,0.3073779774204989,0.31405562739145076,0.31076751079097553,-1.0
20100619,20100618,F,0.4465753424657534,0.44717229285401144,111.5913675456081,111.68193886755108,155.0,1.0,0.0,585.0,0.65,0.72,0.685,0.3090316625384819,0.3159249027435944,0.31253839114438847,-1.0
20100619,20100618,F,0.4465753424657534,0.44717229285401144,111.5913675456081,111.68193886755108,156.0,1.0,0.0,115.0,0.61,0.69,0.6499999999999999,0.30946009744822306,0.3176420314712408,0.31363610477225945,-1.0
20100619,20100618,F,0.4465753424657534,0.44717229285401144,111.5913675456081,111.68193886755108,157.0,1.0,0.0,694.0,0.58,0.66,0.62,0.3107158435627566,0.3191858475703615,0.3150508032731399,-1.0
20100619,20100618,F,0.4465753424657534,0.44717229285401144,111.5913675456081,111.68193886755108,158.0,1.0,0.0,253.0,0.55,0.63,0.5900000000000001,0.3117772621844716,0.32056057158344065,0.3161848364771506,-1.0
20100619,20100618,F,0.4465753424657534,0.44717229285401144,111.5913675456081,111.68193886755108,159.0,1.0,0.0,83.0,0.51,0.6,0.5549999999999999,0.31144483878136103,0.3216697183781712,0.3166635652702348,-1.0
20100619,20100618,F,0.4465753424657534,0.44717229285401144,111.5913675456081,111.68193886755108,160.0,1.0,0.0,6221.0,0.48,0.57,0.5249999999999999,0.31203227999662037,0.32268065058420214,0.31748597997440603,-1.0
20100619,20100618,F,0.4465753424657534,0.44717229285401144,111.5913675456081,111.68193886755108,161.0,1.0,0.0,61.0,0.46,0.55,0.505,0.3136777496314277,0.3246626484276536,0.3193178369442678,-1.0
20100619,20100618,F,0.4465753424657534,0.44717229285401144,111.5913675456081,111.68193886755108,162.0,1.0,3.0,98.0,0.43,0.53,0.48,0.3138311604820741,0.3265291876972958,0.32037811109056186,-1.0
20100619,20100618,F,0.4465753424657534,0.44717229285401144,111.5913675456081,111.68193886755108,165.0,1.0,0.0,830.0,0.36,0.46,0.41000000000000003,0.3156999391620224,0.3299734310259448,0.3231098868105698,-1.0
20100619,20100618,F,0.4465753424657534,0.44717229285401144,111.5913675456081,111.68193886755108,170.0,1.0,0.0,762.0,0.27,0.37,0.32,0.3191398422534921,0.33632155313850737,0.32812195920355663,-1.0
20100619,20100618,F,0.4465753424657534,0.44717229285401144,111.5913675456081,111.68193886755108,175.0,1.0,0.0,1779.0,0.19,0.3,0.245,0.31923943729483917,0.3424915288624547,0.33172488687688995,-1.0
20100918,20100917,F,0.6958904109589041,0.6967704223293878,111.5913675456081,111.82565823416715,55.0,-1.0,0.0,1036.0,0.06,0.21,0.135,0.3525339866908955,0.41824298183101516,0.3918536251116828,-1.0
20100918,20100917,F,0.6958904109589041,0.6967704223293878,111.5913675456081,111.82565823416715,60.0,-1.0,0.0,800.0,0.1,0.25,0.175,0.33375600135796496,0.3823423394437874,0.36152988516579554,-1.0
20100918,20100917,F,0.6958904109589041,0.6967704223293878,111.5913675456081,111.82565823416715,65.0,-1.0,0.0,11.0,0.16,0.3,0.22999999999999998,0.31533727634985015,0.3491497434824267,0.33379140951035163,-1.0
20100918,20100917,F,0.6958904109589041,0.6967704223293878,111.5913675456081,111.82565823416715,70.0,-1.0,0.0,412.0,0.26,0.4,0.33,0.2995850539570094,0.32384254904919874,0.3124773923412289,-1.0
20100918,20100917,F,0.6958904109589041,0.6967704223293878,111.5913675456081,111.82565823416715,75.0,-1.0,0.0,1102.0,0.45,0.57,0.51,0.2894667247568557,0.30406900841721096,0.2970518548294629,-1.0
20100918,20100917,F,0.6958904109589041,0.6967704223293878,111.5913675456081,111.82565823416715,80.0,-1.0,0.0,1536.0,0.73,0.83,0.78,0.2783445438250255,0.28714687800794125,0.28278757685327427,-1.0
20100918,20100917,F,0.6958904109589041,0.6967704223293878,111.5913675456081,111.82565823416715,85.0,-1.0,0.0,5470.0,1.17,1.26,1.2149999999999999,0.26912598377016017,0.27496996865011647,0.2721296122291806,-1.0
20100918,20100917,F,0.6958904109589041,0.6967704223293878,111.5913675456081,111.82565823416715,89.0,-1.0,50.0,720.0,1.69,1.79,1.74,0.26349827795847225,0.2686653388289115,0.2661018570966832,-1.0
20100918,20100917,F,0.6958904109589041,0.6967704223293878,111.5913675456081,111.82565823416715,90.0,-1.0,40.0,2108.0,1.87,1.92,1.895,0.2633617159138678,0.2658119048468084,0.2645909085630384,-1.0
20100918,20100917,F,0.6958904109589041,0.6967704223293878,111.5913675456081,111.82565823416715,95.0,-1.0,0.0,1984.0,2.89,3.05,2.9699999999999998,0.25915699625399896,0.26536713914586907,0.2622757250653549,-1.0
20100918,20100917,F,0.6958904109589041,0.6967704223293878,111.5913675456081,111.82565823416715,96.0,-1.0,0.0,179.0,3.1,3.3,3.2,0.2570288348551221,0.26450922931166665,0.2607856815465296,-1.0
20100918,20100917,F,0.6958904109589041,0.6967704223293878,111.5913675456081,111.82565823416715,97.0,-1.0,0.0,13.0,3.4,3.55,3.4749999999999996,0.25773947868781755,0.26314319868186214,0.2604486701933225,-1.0
20100918,20100917,F,0.6958904109589041,0.6967704223293878,111.5913675456081,111.82565823416715,98.0,-1.0,0.0,117.0,3.7,3.85,3.7750000000000004,0.2578243532745563,0.26304184286858867,0.2604618601763963,-1.0
20100918,20100917,F,0.6958904109589041,0.6967704223293878,111.5913675456081,111.82565823416715,99.0,-1.0,0.0,271.0,4.0,4.15,4.075,0.2573426282448052,0.2623965614455247,0.25983145560139914,-1.0
20100918,20100917,F,0.6958904109589041,0.6967704223293878,111.5913675456081,111.82565823416715,100.0,-1.0,4.0,1382.0,4.35,4.5,4.425,0.2579764614111276,0.26287793491105704,0.2604088775239869,-1.0
20100918,20100917,F,0.6958904109589041,0.6967704223293878,111.5913675456081,111.82565823416715,101.0,-1.0,0.0,716.0,4.65,4.85,4.75,0.25643930034014195,0.2628015672561686,0.25961427215351174,-1.0
20100918,20100917,F,0.6958904109589041,0.6967704223293878,111.5913675456081,111.82565823416715,102.0,-1.0,5.0,1833.0,5.05,5.2,5.125,0.257555327693293,0.2622344344645817,0.2598781092437003,-1.0
20100918,20100917,F,0.6958904109589041,0.6967704223293878,111.5913675456081,111.82565823416715,103.0,-1.0,0.0,1595.0,5.45,5.6,5.525,0.2580937891840514,0.26259822142042977,0.26036554437345005,-1.0
20100918,20100917,F,0.6958904109589041,0.6967704223293878,111.5913675456081,111.82565823416715,104.0,-1.0,0.0,417.0,5.85,6.05,5.949999999999999,0.25809553898752086,0.2640129446391725,0.26106357696418214,-1.0
20100918,20100917,F,0.6958904109589041,0.6967704223293878,111.5913675456081,111.82565823416715,105.0,-1.0,0.0,158.0,6.3,6.45,6.375,0.2590502917216629,0.2634288266565288,0.2612351405761015,-1.0
20100918,20100917,F,0.6958904109589041,0.6967704223293878,111.5913675456081,111.82565823416715,106.0,-1.0,0.0,357.0,6.75,6.9,6.825,0.25947750328427127,0.2638036383972522,0.2616266606119724,-1.0
20100918,20100917,F,0.6958904109589041,0.6967704223293878,111.5913675456081,111.82565823416715,107.0,-1.0,0.0,662.0,7.2,7.4,7.300000000000001,0.2594065106279446,0.2650135228138599,0.2622310794873587,-1.0
20100918,20100917,F,0.6958904109589041,0.6967704223293878,111.5913675456081,111.82565823416715,108.0,-1.0,1.0,415.0,7.7,7.9,7.800000000000001,0.26026167050337656,0.26580988497283786,0.2630110099385701,-1.0
20100918,20100917,F,0.6958904109589041,0.6967704223293878,111.5913675456081,111.82565823416715,109.0,-1.0,0.0,1083.0,8.2,8.4,8.3,0.26056965241771723,0.2661231880727707,0.2634226933982952,-1.0
20100918,20100917,F,0.6958904109589041,0.6967704223293878,111.5913675456081,111.82565823416715,110.0,-1.0,26.0,842.0,8.75,8.9,8.825,0.26187054858836895,0.26595812962663834,0.2639081801570233,-1.0
20100918,20100917,F,0.6958904109589041,0.6967704223293878,111.5913675456081,111.82565823416715,111.0,-1.0,0.0,292.0,9.3,9.5,9.4,0.2626800055241087,0.2681128090454799,0.26539412557038095,-1.0
20100918,20100917,F,0.6958904109589041,0.6967704223293878,111.5913675456081,111.82565823416715,112.0,1.0,0.0,517.0,9.7,9.85,9.774999999999999,0.2636752794299226,0.26770191235401014,0.26569744248914806,-1.0
20100918,20100917,F,0.6958904109589041,0.6967704223293878,111.5913675456081,111.82565823416715,113.0,1.0,94.0,368.0,9.3,9.45,9.375,0.26486811604775107,0.2688865385449766,0.2668900291126967,-1.0
20100918,20100917,F,0.6958904109589041,0.6967704223293878,111.5913675456081,111.82565823416715,114.0,1.0,0.0,559.0,8.9,9.05,8.975000000000001,0.2656223466060282,0.2696465450850244,0.26762248413022577,-1.0
20100918,20100917,F,0.6958904109589041,0.6967704223293878,111.5913675456081,111.82565823416715,115.0,1.0,41.0,2238.0,8.5,8.65,8.575,0.26595006816075056,0.2699908838888455,0.2680080424709489,-1.0
20100918,20100917,F,0.6958904109589041,0.6967704223293878,111.5913675456081,111.82565823416715,116.0,1.0,0.0,192.0,8.15,8.35,8.25,0.26728704583147544,0.2726475121230466,0.2699382137370023,-1.0
20100918,20100917,F,0.6958904109589041,0.6967704223293878,111.5913675456081,111.82565823416715,117.0,1.0,0.0,331.0,7.8,7.95,7.875,0.2681787699522092,0.2722774411582717,0.2702048808141497,-1.0
20100918,20100917,F,0.6958904109589041,0.6967704223293878,111.5913675456081,111.82565823416715,118.0,1.0,10.0,41.0,7.45,7.7,7.575,0.26868920820671505,0.27542787546459474,0.2720792584613426,-1.0
20100918,20100917,F,0.6958904109589041,0.6967704223293878,111.5913675456081,111.82565823416715,119.0,1.0,40.0,116.0,7.15,7.3,7.225,0.27018254753322346,0.27429266482151504,0.27222706713715966,-1.0
20100918,20100917,F,0.6958904109589041,0.6967704223293878,111.5913675456081,111.82565823416715,120.0,1.0,30.0,4898.0,6.85,7.0,6.925,0.27131604385309543,0.275436664413478,0.27337328405271505,-1.0
20100918,20100917,F,0.6958904109589041,0.6967704223293878,111.5913675456081,111.82565823416715,125.0,1.0,2.0,1795.0,5.55,5.7,5.625,0.2774765003532202,0.2817912895608046,0.27961980769408146,-1.0
20100918,20100917,F,0.6958904109589041,0.6967704223293878,111.5913675456081,111.82565823416715,130.0,1.0,0.0,3163.0,4.5,4.7,4.6,0.2832558134812892,0.28939072580921466,0.2863310497580058,-1.0
20100918,20100917,F,0.6958904109589041,0.6967704223293878,111.5913675456081,111.82565823416715,135.0,1.0,0.0,764.0,3.7,3.85,3.7750000000000004,0.2902425459468436,0.2952291172838399,0.29274515904802023,-1.0
20100918,20100917,F,0.6958904109589041,0.6967704223293878,111.5913675456081,111.82565823416715,140.0,1.0,0.0,6576.0,3.05,3.15,3.0999999999999996,0.2966864762538045,0.30033146738100247,0.2985501411452492,-1.0
20100918,20100917,F,0.6958904109589041,0.6967704223293878,111.5913675456081,111.82565823416715,145.0,1.0,993.0,5940.0,2.54,2.61,2.575,0.30343095793001906,0.3062441091520691,0.30484289008076904,-1.0
20100918,20100917,F,0.6958904109589041,0.6967704223293878,111.5913675456081,111.82565823416715,150.0,1.0,800.0,4259.0,2.12,2.19,2.1550000000000002,0.30959551073193664,0.3127123896996449,0.31115076239320577,-1.0
20100918,20100917,F,0.6958904109589041,0.6967704223293878,111.5913675456081,111.82565823416715,155.0,1.0,0.0,423.0,1.79,1.86,1.8250000000000002,0.3160905817146641,0.31954659454052947,0.3178296818139995,-1.0
20100918,20100917,F,0.6958904109589041,0.6967704223293878,111.5913675456081,111.82565823416715,160.0,1.0,0.0,2310.0,1.51,1.67,1.5899999999999999,0.3218195954261667,0.3304701341318901,0.3261808258782289,-1.0
20100918,20100917,F,0.6958904109589041,0.6967704223293878,111.5913675456081,111.82565823416715,165.0,1.0,0.0,1003.0,1.27,1.45,1.3599999999999999,0.3266947953041893,0.337512282644508,0.3321617674579066,-1.0
20100918,20100917,F,0.6958904109589041,0.6967704223293878,111.5913675456081,111.82565823416715,170.0,1.0,0.0,2170.0,1.08,1.22,1.15,0.3319110949771553,0.34132327456844347,0.3366245050542452,-1.0
20100918,20100917,F,0.6958904109589041,0.6967704223293878,111.5913675456081,111.82565823416715,175.0,1.0,0.0,2688.0,0.91,1.05,0.98,0.33596510457652556,0.3463937939253998,0.3413343722108407,-1.0
20101218,20101217,F,0.9452054794520548,0.9469530907496713,111.5913675456081,112.12004153034893,55.0,-1.0,0.0,10.0,0.15,0.33,0.24,0.3423072426602214,0.3872676113059778,0.3675482482211364,-1.0
20101218,20101217,F,0.9452054794520548,0.9469530907496713,111.5913675456081,112.12004153034893,60.0,-1.0,0.0,10.0,0.21,0.39,0.3,0.3201101861266734,0.3551712832867938,0.33928181314856876,-1.0
20101218,20101217,F,0.9452054794520548,0.9469530907496713,111.5913675456081,112.12004153034893,65.0,-1.0,0.0,10.0,0.37,0.49,0.43,0.3121318349334935,0.32902188079075806,0.3208920663676547,-1.0
20101218,20101217,F,0.9452054794520548,0.9469530907496713,111.5913675456081,112.12004153034893,70.0,-1.0,0.0,60.0,0.54,0.66,0.6000000000000001,0.2960834735416088,0.3088268898025839,0.30267515179332205,-1.0
20101218,20101217,F,0.9452054794520548,0.9469530907496713,111.5913675456081,112.12004153034893,75.0,-1.0,0.0,100.0,0.81,0.93,0.8700000000000001,0.2836748678570771,0.29324646411596345,0.2885090830166731,-1.0
20101218,20101217,F,0.9452054794520548,0.9469530907496713,111.5913675456081,112.12004153034893,80.0,-1.0,0.0,154.0,1.27,1.35,1.31,0.2768031334720357,0.28160396529278603,0.2792291185149932,-1.0
20101218,20101217,F,0.9452054794520548,0.9469530907496713,111.5913675456081,112.12004153034893,85.0,-1.0,2010.0,2684.0,1.91,1.99,1.95,0.27005567555354415,0.2737618092007902,0.27191965256892914,-1.0
20101218,20101217,F,0.9452054794520548,0.9469530907496713,111.5913675456081,112.12004153034893,90.0,-1.0,0.0,1125.0,2.86,2.94,2.9,0.26674380685122967,0.2697066193420976,0.26823342263650224,-1.0
20101218,20101217,F,0.9452054794520548,0.9469530907496713,111.5913675456081,112.12004153034893,95.0,-1.0,0.0,10.0,4.1,4.25,4.175,0.2633701610149824,0.2680254534340871,0.2657028314587104,-1.0
20101218,20101217,F,0.9452054794520548,0.9469530907496713,111.5913675456081,112.12004153034893,96.0,-1.0,0.0,0.0,4.4,4.55,4.475,0.2631241667095901,0.2676414640628456,0.2654191321021245,-1.0
20101218,20101217,F,0.9452054794520548,0.9469530907496713,111.5913675456081,112.12004153034893,97.0,-1.0,0.0,0.0,4.7,4.9,4.800000000000001,0.2624682547820629,0.26832191974160974,0.2653610595810368,-1.0
20101218,20101217,F,0.9452054794520548,0.9469530907496713,111.5913675456081,112.12004153034893,98.0,-1.0,0.0,5.0,5.05,5.25,5.15,0.26286107629214867,0.26855863158603005,0.26569215074580677,-1.0
20101218,20101217,F,0.9452054794520548,0.9469530907496713,111.5913675456081,112.12004153034893,99.0,-1.0,0.0,0.0,5.45,5.6,5.525,0.2642179705696822,0.2684109433770551,0.26629124811399824,-1.0
20101218,20101217,F,0.9452054794520548,0.9469530907496713,111.5913675456081,112.12004153034893,100.0,-1.0,0.0,6.0,5.8,6.0,5.9,0.26375179676057164,0.2692211838231683,0.266462811531528,-1.0
20101218,20101217,F,0.9452054794520548,0.9469530907496713,111.5913675456081,112.12004153034893,101.0,-1.0,0.0,0.0,6.2,6.4,6.300000000000001,0.26424490385231725,0.26953254688790196,0.26690083086721555,-1.0
20101218,20101217,F,0.9452054794520548,0.9469530907496713,111.5913675456081,112.12004153034893,102.0,-1.0,0.0,0.0,6.65,6.8,6.725,0.2656377165869585,0.26954722127037695,0.26759078784157114,-1.0
20101218,20101217,F,0.9452054794520548,0.9469530907496713,111.5913675456081,112.12004153034893,103.0,-1.0,8.0,8.0,7.0,7.25,7.125,0.2640424063494702,0.27047476742411675,0.26724239916048864,-1.0
20101218,20101217,F,0.9452054794520548,0.9469530907496713,111.5913675456081,112.12004153034893,104.0,-1.0,0.0,0.0,7.5,7.65,7.575,0.2659093582166211,0.26972229254901725,0.2677975633700803,-1.0
20101218,20101217,F,0.9452054794520548,0.9469530907496713,111.5913675456081,112.12004153034893,105.0,-1.0,0.0,0.0,7.9,8.15,8.025,0.26487506137535705,0.27106086645245786,0.2679763543026411,-1.0
20101218,20101217,F,0.9452054794520548,0.9469530907496713,111.5913675456081,112.12004153034893,106.0,-1.0,0.0,1.0,8.4,8.6,8.5,0.26596139158996845,0.2708398519952056,0.2684093662418939,-1.0
20101218,20101217,F,0.9452054794520548,0.9469530907496713,111.5913675456081,112.12004153034893,107.0,-1.0,0.0,8.0,8.9,9.15,9.025,0.2666713042050833,0.27271834254470545,0.26965374683180476,-1.0
20101218,20101217,F,0.9452054794520548,0.9469530907496713,111.5913675456081,112.12004153034893,108.0,-1.0,0.0,0.0,9.45,9.7,9.575,0.2682445405381914,0.27420501694798577,0.2712447943860628,-1.0
20101218,20101217,F,0.9452054794520548,0.9469530907496713,111.5913675456081,112.12004153034893,109.0,-1.0,0.0,1.0,9.95,10.15,10.05,0.2681894620648918,0.27296369742021714,0.2705911018923547,-1.0
20101218,20101217,F,0.9452054794520548,0.9469530907496713,111.5913675456081,112.12004153034893,110.0,-1.0,0.0,20.0,10.45,10.7,10.575,0.26787931342949806,0.2737742398989213,0.27083103717079854,-1.0
20101218,20101217,F,0.9452054794520548,0.9469530907496713,111.5913675456081,112.12004153034893,111.0,-1.0,0.0,0.0,11.0,11.3,11.15,0.26841762432922056,0.2754267500343223,0.27191715531639843,-1.0
20101218,20101217,F,0.9452054794520548,0.9469530907496713,111.5913675456081,112.12004153034893,112.0,-1.0,0.0,0.0,11.6,11.85,11.725,0.2697822078247489,0.275586856810671,0.2726772422883531,-1.0
20101218,20101217,F,0.9452054794520548,0.9469530907496713,111.5913675456081,112.12004153034893,113.0,1.0,0.0,0.0,11.35,11.55,11.45,0.27143348632987624,0.27606167018969985,0.2737432174279771,-1.0
20101218,20101217,F,0.9452054794520548,0.9469530907496713,111.5913675456081,112.12004153034893,114.0,1.0,0.0,120.0,10.95,11.15,11.05,0.272062450361559,0.2766877740358168,0.2743759609370986,-1.0
20101218,20101217,F,0.9452054794520548,0.9469530907496713,111.5913675456081,112.12004153034893,115.0,1.0,10.0,17.0,10.6,10.8,10.7,0.27353724052194023,0.27817168407209825,0.27586395219120796,-1.0
20101218,20101217,F,0.9452054794520548,0.9469530907496713,111.5913675456081,112.12004153034893,116.0,1.0,45.0,30.0,10.2,10.4,10.3,0.2735569867645328,0.2782119056307572,0.2758865918901217,-1.0
20101218,20101217,F,0.9452054794520548,0.9469530907496713,111.5913675456081,112.12004153034893,117.0,1.0,0.0,0.0,9.85,10.05,9.95,0.2745371245947966,0.2791231537130024,0.27679077505942035,-1.0
20101218,20101217,F,0.9452054794520548,0.9469530907496713,111.5913675456081,112.12004153034893,118.0,1.0,0.0,22.0,9.55,9.75,9.65,0.2762951969406185,0.28090865687360606,0.2786464906786376,-1.0
20101218,20101217,F,0.9452054794520548,0.9469530907496713,111.5913675456081,112.12004153034893,119.0,1.0,0.0,246.0,9.2,9.45,9.325,0.27665396073566767,0.28243838065228544,0.27954662691221566,-1.0
20101218,20101217,F,0.9452054794520548,0.9469530907496713,111.5913675456081,112.12004153034893,120.0,1.0,0.0,42.0,8.9,9.15,9.025,0.2779050509609214,0.28370143454583463,0.28080611891245255,-1.0
20101218,20101217,F,0.9452054794520548,0.9469530907496713,111.5913675456081,112.12004153034893,125.0,1.0,100.0,105.0,7.5,7.7,7.6,0.28278468314550687,0.2875473657819074,0.28516496062312285,-1.0
20101218,20101217,F,0.9452054794520548,0.9469530907496713,111.5913675456081,112.12004153034893,130.0,1.0,334.0,292.0,6.35,6.5,6.425,0.2880093777043549,0.2917532045031922,0.2898485597610493,-1.0
20101218,20101217,F,0.9452054794520548,0.9469530907496713,111.5913675456081,112.12004153034893,135.0,1.0,770.0,1161.0,5.45,5.6,5.525,0.29461750639064044,0.29853673598962394,0.2965803410598662,-1.0
20101218,20101217,F,0.9452054794520548,0.9469530907496713,111.5913675456081,112.12004153034893,140.0,1.0,31.0,2080.0,4.65,4.8,4.725,0.29962184931655683,0.3037902181680063,0.30171206332148326,-1.0
20101218,20101217,F,0.9452054794520548,0.9469530907496713,111.5913675456081,112.12004153034893,145.0,1.0,0.0,121.0,4.0,4.15,4.075,0.3050362233466716,0.30949455019141475,0.30727979706748193,-1.0
20101218,20101217,F,0.9452054794520548,0.9469530907496713,111.5913675456081,112.12004153034893,150.0,1.0,0.0,1051.0,3.45,3.65,3.55,0.3101095170775457,0.3164907930184642,0.31332116317646075,-1.0
20101218,20101217,F,0.9452054794520548,0.9469530907496713,111.5913675456081,112.12004153034893,155.0,1.0,0.0,189.0,3.0,3.2,3.1,0.3154598021106679,0.3223331800476203,0.3189270500059936,-1.0
20101218,20101217,F,0.9452054794520548,0.9469530907496713,111.5913675456081,112.12004153034893,160.0,1.0,0.0,340.0,2.65,2.74,2.6950000000000003,0.32179197097033957,0.3251307654300834,0.32346014429713477,-1.0
20101218,20101217,F,0.9452054794520548,0.9469530907496713,111.5913675456081,112.12004153034893,165.0,1.0,0.0,257.0,2.32,2.44,2.38,0.3265926536399874,0.33140341558031317,0.3290638779003792,-1.0
